,Reporting_year,CORNO,mountains,coverage total,town_distance_miles,road_distance_miles,length,miles,death_counts,az_encounters,az_staffing,total_border_miles,total_unwalled_miles,percent_unwalled_border,town_distance_miles_median
0,1990.0,1.0,,,,,34091.244753207124,21.183317389064054,0.0,89448.0,,21.183317389064058,376.7343712248462,0.05622878878874905,
1,1990.0,2.0,,,,,42229.88084757553,26.240431400275977,0.0,89448.0,,26.240431400275977,376.7343712248462,0.06965234235188728,
2,1990.0,3.0,,,,,33284.13206254826,20.681800814391032,0.0,89448.0,,20.681800814391032,376.7343712248462,0.05489756813839405,
3,1990.0,4.0,2.3333333333333335,6.666666666666667,3.5317101984489407,0.7450970112996188,39421.587570105046,24.495438858968555,3.0,89448.0,,24.495438858968555,376.7343712248462,0.0650204513576197,0.0
4,1990.0,5.0,,,,,58304.41194386428,36.22868194841799,0.0,89448.0,,36.228681948417986,376.7343712248462,0.09616505611269444,
5,1990.0,6.0,0.0,7.0,1.1414138641958549,0.2240339798095689,46337.47309657957,28.792770892289575,1.0,89448.0,,28.792770892289578,376.7343712248462,0.07642724713085762,1.1414138641958549
6,1990.0,7.0,0.0,7.0,4.684160398867269,0.01881000601004145,84254.16107016541,52.35310849512868,2.0,89448.0,,52.35310849512868,376.7343712248462,0.13896557493524475,4.684160398867269
7,1990.0,8.0,,,,,11542.392641138287,7.172110273956126,0.0,89448.0,,7.172110273956126,376.7343712248462,0.019037578786979325,
8,1990.0,9.0,,,,,22121.71047204987,13.745793605096509,0.0,89448.0,,13.745793605096509,376.7343712248462,0.03648669899803916,
9,1990.0,10.0,,,,,31063.297973858003,19.30183848946733,0.0,89448.0,,19.301838489467332,376.7343712248462,0.05123460975093091,
10,1990.0,11.0,0.0,6.0,0.3063974053069894,0.0193126340967332,89886.65062920398,55.85297524635603,1.0,89448.0,,55.85297524635603,376.7343712248462,0.14825558672750178,0.3063974053069894
11,1990.0,12.0,,,,,113758.2570957592,70.68610381143436,0.0,89448.0,,70.9213161607967,376.7343712248462,0.18762849692110203,
12,1991.0,1.0,,,,,34091.244753207124,21.183317389064054,0.0,88374.0,,21.183317389064058,376.7343712248462,0.05622878878874905,
13,1991.0,2.0,,,,,42229.88084757553,26.240431400275977,0.0,88374.0,,26.240431400275977,376.7343712248462,0.06965234235188728,
14,1991.0,3.0,,,,,33284.13206254826,20.681800814391032,0.0,88374.0,,20.681800814391032,376.7343712248462,0.05489756813839405,
15,1991.0,4.0,0.0,7.0,0.0,0.1004602164405205,39421.587570105046,24.495438858968555,3.0,88374.0,,24.495438858968555,376.7343712248462,0.0650204513576197,0.0
16,1991.0,5.0,,,,,58304.41194386428,36.22868194841799,0.0,88374.0,,36.228681948417986,376.7343712248462,0.09616505611269444,
17,1991.0,6.0,,,,,46337.47309657957,28.792770892289575,0.0,88374.0,,28.792770892289578,376.7343712248462,0.07642724713085762,
18,1991.0,7.0,2.0,6.0,8.015567404869735,4.578293024627503,84254.16107016541,52.35310849512868,3.0,88374.0,,52.35310849512868,376.7343712248462,0.13896557493524475,10.477191768969066
19,1991.0,8.0,,,,,11542.392641138287,7.172110273956126,0.0,88374.0,,7.172110273956126,376.7343712248462,0.019037578786979325,
20,1991.0,9.0,,,,,22121.71047204987,13.745793605096509,0.0,88374.0,,13.745793605096509,376.7343712248462,0.03648669899803916,
21,1991.0,10.0,,,,,31063.297973858003,19.30183848946733,0.0,88374.0,,19.301838489467332,376.7343712248462,0.05123460975093091,
22,1991.0,11.0,,,,,89886.65062920398,55.85297524635603,0.0,88374.0,,55.85297524635603,376.7343712248462,0.14825558672750178,
23,1991.0,12.0,,,,,113758.2570957592,70.68610381143436,0.0,88374.0,,70.9213161607967,376.7343712248462,0.18762849692110203,
24,1992.0,1.0,,,,,34091.244753207124,21.183317389064054,0.0,95928.0,495.0,21.183317389064058,371.3465305345004,0.05704460833005141,
25,1992.0,2.0,,,,,42229.88084757553,26.240431400275977,0.0,95928.0,495.0,26.240431400275977,371.3465305345004,0.07066292328760045,
26,1992.0,3.0,,,,,33284.13206254826,20.681800814391032,0.0,95928.0,495.0,20.681800814391032,371.3465305345004,0.055694073092920855,
27,1992.0,4.0,0.0,7.0,0.0,0.1004602164405205,39421.587570105046,24.495438858968555,2.0,95928.0,495.0,24.495438858968555,371.3465305345004,0.06596382851271254,0.0
28,1992.0,5.0,,,,,58304.41194386428,36.22868194841799,0.0,95928.0,495.0,36.228681948417986,371.3465305345004,0.09756030814741144,
29,1992.0,6.0,1.25,6.75,9.701113638799209,2.3022293514462335,46337.47309657957,28.792770892289575,4.0,95928.0,495.0,28.792770892289578,371.3465305345004,0.07753612468344995,5.987888285277629
30,1992.0,7.0,0.0,0.0,32.97716250477291,6.677725821655079,84254.16107016541,52.35310849512868,1.0,95928.0,495.0,52.35310849512868,371.3465305345004,0.14098181668689308,32.97716250477291
31,1992.0,8.0,,,,,11542.392641138287,7.172110273956126,0.0,95928.0,495.0,7.172110273956126,371.3465305345004,0.019313793678462258,
32,1992.0,9.0,,,,,22121.71047204987,13.745793605096509,0.0,95928.0,495.0,13.745793605096509,371.3465305345004,0.03701608194726203,
33,1992.0,10.0,,,,,31063.297973858003,19.30183848946733,0.0,95928.0,495.0,19.301838489467332,371.3465305345004,0.05197796909987306,
34,1992.0,11.0,,,,,89886.65062920398,55.85297524635603,0.0,95928.0,495.0,55.85297524635603,371.3465305345004,0.1504066166067679,
35,1992.0,12.0,,,,,105087.36800448348,65.29826312108857,0.0,95928.0,495.0,70.9213161607967,371.3465305345004,0.1758418559265951,
36,1993.0,1.0,,,,,34091.244753207124,21.183317389064054,0.0,116187.0,469.0,21.183317389064058,371.3465305345004,0.05704460833005141,
37,1993.0,2.0,0.0,7.0,0.0,0.2871631579758797,42229.88084757553,26.240431400275977,1.0,116187.0,469.0,26.240431400275977,371.3465305345004,0.07066292328760045,0.0
38,1993.0,3.0,,,,,33284.13206254826,20.681800814391032,0.0,116187.0,469.0,20.681800814391032,371.3465305345004,0.055694073092920855,
39,1993.0,4.0,0.0,7.0,0.0,0.1004602164405205,39421.587570105046,24.495438858968555,2.0,116187.0,469.0,24.495438858968555,371.3465305345004,0.06596382851271254,0.0
40,1993.0,5.0,2.5,7.0,5.385241054478666,1.0485761313231585,58304.41194386428,36.22868194841799,4.0,116187.0,469.0,36.228681948417986,371.3465305345004,0.09756030814741144,5.599949397824075
41,1993.0,6.0,5.5,6.5,15.377743924783012,1.352168807303756,46337.47309657957,28.792770892289575,2.0,116187.0,469.0,28.792770892289578,371.3465305345004,0.07753612468344995,15.377743924783012
42,1993.0,7.0,4.285714285714286,3.2857142857142856,19.91403135008246,7.3839137508274195,84254.16107016541,52.35310849512868,7.0,116187.0,469.0,52.35310849512868,371.3465305345004,0.14098181668689308,20.234369730586515
43,1993.0,8.0,0.0,2.0,38.74357896865228,9.484150817309862,11542.392641138287,7.172110273956126,1.0,116187.0,469.0,7.172110273956126,371.3465305345004,0.019313793678462258,38.74357896865228
44,1993.0,9.0,,,,,22121.71047204987,13.745793605096509,0.0,116187.0,469.0,13.745793605096509,371.3465305345004,0.03701608194726203,
45,1993.0,10.0,,,,,31063.297973858003,19.30183848946733,0.0,116187.0,469.0,19.301838489467332,371.3465305345004,0.05197796909987306,
46,1993.0,11.0,,,,,89886.65062920398,55.85297524635603,0.0,116187.0,469.0,55.85297524635603,371.3465305345004,0.1504066166067679,
47,1993.0,12.0,,,,,105087.36800448348,65.29826312108857,0.0,116187.0,469.0,70.9213161607967,371.3465305345004,0.1758418559265951,
48,1994.0,1.0,,,,,34091.244753207124,21.183317389064054,0.0,160684.0,464.0,21.183317389064058,370.283030046223,0.05720844778228078,
49,1994.0,2.0,,,,,42229.88084757553,26.240431400275977,0.0,160684.0,464.0,26.240431400275977,370.283030046223,0.07086587629198222,
50,1994.0,3.0,,,,,31572.593932088203,19.61830032611361,0.0,160684.0,464.0,20.681800814391032,370.283030046223,0.052981905013752925,
51,1994.0,4.0,,,,,39421.587570105046,24.495438858968555,0.0,160684.0,464.0,24.495438858968555,370.283030046223,0.06615328511250097,
52,1994.0,5.0,5.0,7.0,0.0,0.2026509220520526,58304.41194386428,36.22868194841799,1.0,160684.0,464.0,36.228681948417986,370.283030046223,0.09784051390066542,0.0
53,1994.0,6.0,0.0,7.0,2.017872730212304,0.8800581396869109,46337.47309657957,28.792770892289575,2.0,160684.0,464.0,28.792770892289578,370.283030046223,0.07775881840627513,2.017872730212304
54,1994.0,7.0,,,,,84254.16107016541,52.35310849512868,0.0,160684.0,464.0,52.35310849512868,370.283030046223,0.14138673459756812,
55,1994.0,8.0,,,,,11542.392641138287,7.172110273956126,0.0,160684.0,464.0,7.172110273956126,370.283030046223,0.019369265378056402,
56,1994.0,9.0,,,,,22121.71047204987,13.745793605096509,0.0,160684.0,464.0,13.745793605096509,370.283030046223,0.03712239689564115,
57,1994.0,10.0,,,,,31063.297973858003,19.30183848946733,0.0,160684.0,464.0,19.301838489467332,370.283030046223,0.05212725651255973,
58,1994.0,11.0,,,,,89886.65062920398,55.85297524635603,0.0,160684.0,464.0,55.85297524635603,370.283030046223,0.15083860375503522,
59,1994.0,12.0,,,,,105087.36800448348,65.29826312108857,0.0,160684.0,464.0,70.9213161607967,370.283030046223,0.1763468963536819,
60,1995.0,1.0,,,,,34091.244753207124,21.183317389064054,0.0,248423.0,592.0,21.183317389064058,370.283030046223,0.05720844778228078,
61,1995.0,2.0,,,,,42229.88084757553,26.240431400275977,0.0,248423.0,592.0,26.240431400275977,370.283030046223,0.07086587629198222,
62,1995.0,3.0,,,,,31572.593932088203,19.61830032611361,0.0,248423.0,592.0,20.681800814391032,370.283030046223,0.052981905013752925,
63,1995.0,4.0,0.0,7.0,0.0,0.1004602164405205,39421.587570105046,24.495438858968555,3.0,248423.0,592.0,24.495438858968555,370.283030046223,0.06615328511250097,0.0
64,1995.0,5.0,5.0,7.0,2.673120313935851,0.640996330947477,58304.41194386428,36.22868194841799,1.0,248423.0,592.0,36.228681948417986,370.283030046223,0.09784051390066542,2.673120313935851
65,1995.0,6.0,2.0,5.0,21.19670217701044,2.4613519317168056,46337.47309657957,28.792770892289575,3.0,248423.0,592.0,28.792770892289578,370.283030046223,0.07775881840627513,26.73839316895805
66,1995.0,7.0,3.0,5.0,6.91558841903103,0.6683351331380745,84254.16107016541,52.35310849512868,2.0,248423.0,592.0,52.35310849512868,370.283030046223,0.14138673459756812,6.91558841903103
67,1995.0,8.0,,,,,11542.392641138287,7.172110273956126,0.0,248423.0,592.0,7.172110273956126,370.283030046223,0.019369265378056402,
68,1995.0,9.0,0.0,4.0,10.713166080974943,1.4803527547723407,22121.71047204987,13.745793605096509,1.0,248423.0,592.0,13.745793605096509,370.283030046223,0.03712239689564115,10.713166080974943
69,1995.0,10.0,,,,,31063.297973858003,19.30183848946733,0.0,248423.0,592.0,19.301838489467332,370.283030046223,0.05212725651255973,
70,1995.0,11.0,,,,,89886.65062920398,55.85297524635603,0.0,248423.0,592.0,55.85297524635603,370.283030046223,0.15083860375503522,
71,1995.0,12.0,,,,,105087.36800448348,65.29826312108857,0.0,248423.0,592.0,70.9213161607967,370.283030046223,0.1763468963536819,
72,1996.0,1.0,,,,,34091.244753207124,21.183317389064054,0.0,333658.0,876.0,21.183317389064058,370.283030046223,0.05720844778228078,
73,1996.0,2.0,,,,,42229.88084757553,26.240431400275977,0.0,333658.0,876.0,26.240431400275977,370.283030046223,0.07086587629198222,
74,1996.0,3.0,,,,,31572.593932088203,19.61830032611361,0.0,333658.0,876.0,20.681800814391032,370.283030046223,0.052981905013752925,
75,1996.0,4.0,0.0,7.0,0.0,0.1004602164405205,39421.587570105046,24.495438858968555,1.0,333658.0,876.0,24.495438858968555,370.283030046223,0.06615328511250097,0.0
76,1996.0,5.0,6.0,7.0,13.732072922176384,0.0128995931616625,58304.41194386428,36.22868194841799,1.0,333658.0,876.0,36.228681948417986,370.283030046223,0.09784051390066542,13.732072922176384
77,1996.0,6.0,0.8333333333333334,6.166666666666667,6.010566784695139,1.4645875158400157,46337.47309657957,28.792770892289575,6.0,333658.0,876.0,28.792770892289578,370.283030046223,0.07775881840627513,3.3871542281768363
78,1996.0,7.0,4.0,3.0,11.687045383469853,5.643848443326125,84254.16107016541,52.35310849512868,3.0,333658.0,876.0,52.35310849512868,370.283030046223,0.14138673459756812,9.76464143912578
79,1996.0,8.0,,,,,11542.392641138287,7.172110273956126,0.0,333658.0,876.0,7.172110273956126,370.283030046223,0.019369265378056402,
80,1996.0,9.0,0.0,4.0,13.75038981125472,9.549025320716169,22121.71047204987,13.745793605096509,1.0,333658.0,876.0,13.745793605096509,370.283030046223,0.03712239689564115,13.75038981125472
81,1996.0,10.0,,,,,31063.297973858003,19.30183848946733,0.0,333658.0,876.0,19.301838489467332,370.283030046223,0.05212725651255973,
82,1996.0,11.0,,,,,89886.65062920398,55.85297524635603,0.0,333658.0,876.0,55.85297524635603,370.283030046223,0.15083860375503522,
83,1996.0,12.0,,,,,105087.36800448348,65.29826312108857,0.0,333658.0,876.0,70.9213161607967,370.283030046223,0.1763468963536819,
84,1997.0,1.0,,,,,34091.244753207124,21.183317389064054,0.0,302574.0,1050.0,21.183317389064058,370.2207357210457,0.057218073827786035,
85,1997.0,2.0,,,,,42129.62784907912,26.17813707509869,0.0,302574.0,1050.0,26.240431400275977,370.2207357210457,0.07070953771434191,
86,1997.0,3.0,,,,,31572.593932088203,19.61830032611361,0.0,302574.0,1050.0,20.681800814391032,370.2207357210457,0.05299081988993622,
87,1997.0,4.0,0.0,7.0,0.0,0.21921973081978466,39421.587570105046,24.495438858968555,6.0,302574.0,1050.0,24.495438858968555,370.2207357210457,0.06616441624011413,0.0
88,1997.0,5.0,2.0,7.0,0.0,0.02431414687187714,58304.41194386428,36.22868194841799,5.0,302574.0,1050.0,36.228681948417986,370.2207357210457,0.09785697680563095,0.0
89,1997.0,6.0,5.0,7.0,17.03225160576377,0.4423054051861873,46337.47309657957,28.792770892289575,1.0,302574.0,1050.0,28.792770892289578,370.2207357210457,0.07777190231177214,17.03225160576377
90,1997.0,7.0,,,,,84254.16107016541,52.35310849512868,0.0,302574.0,1050.0,52.35310849512868,370.2207357210457,0.14141052470539023,
91,1997.0,8.0,0.0,3.0,25.347563383019047,10.10110352100665,11542.392641138287,7.172110273956126,2.0,302574.0,1050.0,7.172110273956126,370.2207357210457,0.01937252450213965,25.347563383019047
92,1997.0,9.0,1.0,3.5,14.259975837908136,4.037280477616999,22121.71047204987,13.745793605096509,6.0,302574.0,1050.0,13.745793605096509,370.2207357210457,0.037128643208828,15.269861063889238
93,1997.0,10.0,6.0,0.0,12.880817423748304,10.164016436541248,31063.297973858003,19.30183848946733,1.0,302574.0,1050.0,19.301838489467332,370.2207357210457,0.05213602758331424,12.880817423748304
94,1997.0,11.0,0.0,6.0,35.36241701519143,10.544571857900676,89886.65062920398,55.85297524635603,1.0,302574.0,1050.0,55.85297524635603,370.2207357210457,0.15086398425948835,35.36241701519143
95,1997.0,12.0,,,,,105087.36800448348,65.29826312108857,0.0,302574.0,1050.0,70.9213161607967,370.2207357210457,0.17637656895125822,
96,1998.0,1.0,,,,,34091.244753207124,21.183317389064054,0.0,463601.0,1240.0,21.183317389064058,369.8756799816434,0.05727145237047044,
97,1998.0,2.0,0.0,7.0,0.0,0.0880022544271132,41905.37429365855,26.03879237605677,1.0,463601.0,1240.0,26.240431400275977,369.8756799816434,0.0703987685195984,0.0
98,1998.0,3.0,,,,,31436.571852300185,19.53378012425741,0.0,463601.0,1240.0,20.681800814391032,369.8756799816434,0.05281174508479946,
99,1998.0,4.0,0.0,7.0,0.05488632918928105,0.0543899727346583,39421.587570105046,24.495438858968555,2.0,463601.0,1240.0,24.495438858968555,369.8756799816434,0.06622614079461575,0.05488632918928105
100,1998.0,5.0,0.0,7.0,0.0,0.3965460684135922,58109.37419498808,36.10749110991378,1.0,463601.0,1240.0,36.228681948417986,369.8756799816434,0.09762061434183984,0.0
101,1998.0,6.0,5.0,6.0,19.784447606530858,4.708077474289398,46337.47309657957,28.792770892289575,1.0,463601.0,1240.0,28.792770892289578,369.8756799816434,0.07784445544978393,19.784447606530858
102,1998.0,7.0,1.7142857142857142,3.4285714285714284,17.013119726014292,6.223777438663409,84254.16107016541,52.35310849512868,7.0,463601.0,1240.0,52.35310849512868,369.8756799816434,0.14154244609358183,16.07490160619945
103,1998.0,8.0,,,,,11542.392641138287,7.172110273956126,0.0,463601.0,1240.0,7.172110273956126,369.8756799816434,0.019390597063078253,
104,1998.0,9.0,3.0,4.0,17.899435892746865,0.40341625370159884,22121.71047204987,13.745793605096509,2.0,463601.0,1240.0,13.745793605096509,369.8756799816434,0.03716328039134312,17.899435892746865
105,1998.0,10.0,,,,,31063.297973858003,19.30183848946733,0.0,463601.0,1240.0,19.301838489467332,369.8756799816434,0.05218466510267791,
106,1998.0,11.0,,,,,89886.65062920398,55.85297524635603,0.0,463601.0,1240.0,55.85297524635603,369.8756799816434,0.15100472474732043,
107,1998.0,12.0,0.0,6.0,0.0,0.0137476431931927,105087.36800448348,65.29826312108857,1.0,463601.0,1240.0,70.9213161607967,369.8756799816434,0.17654111004089068,0.0
108,1999.0,1.0,,,,,34091.244753207124,21.183317389064054,0.0,563837.0,1556.0,21.183317389064058,369.7218806783992,0.05729527652027244,
109,1999.0,2.0,,,,,41905.37429365855,26.03879237605677,0.0,563837.0,1556.0,26.240431400275977,369.7218806783992,0.07042805345542015,
110,1999.0,3.0,,,,,31189.055866325405,19.37998082101321,0.0,563837.0,1556.0,20.681800814391032,369.7218806783992,0.05241772757796499,
111,1999.0,4.0,0.0,7.0,0.0,0.1004602164405205,39421.587570105046,24.495438858968555,1.0,563837.0,1556.0,24.495438858968555,369.7218806783992,0.06625368997372323,0.0
112,1999.0,5.0,3.75,7.0,6.103496579243518,2.296179253976716,58109.37419498808,36.10749110991378,4.0,563837.0,1556.0,36.228681948417986,369.7218806783992,0.09766122319744908,7.3236356775844165
113,1999.0,6.0,3.0,5.0,19.06402765533556,1.3671159284347105,46337.47309657957,28.792770892289575,2.0,563837.0,1556.0,28.792770892289578,369.7218806783992,0.07787683769069331,19.06402765533556
114,1999.0,7.0,2.5714285714285716,4.0,13.090801498364614,3.671507633367916,84254.16107016541,52.35310849512868,7.0,563837.0,1556.0,52.35310849512868,369.7218806783992,0.1416013258373198,12.13343474387744
115,1999.0,8.0,0.0,0.0,35.99117586351384,12.695668476348429,11542.392641138287,7.172110273956126,1.0,563837.0,1556.0,7.172110273956126,369.7218806783992,0.01939866328927054,35.99117586351384
116,1999.0,9.0,1.2,3.8,10.872761160505814,3.321462702755453,22121.71047204987,13.745793605096509,5.0,563837.0,1556.0,13.745793605096509,369.7218806783992,0.0371787398134903,8.842263555883813
117,1999.0,10.0,6.0,0.0,24.52250576405824,5.299653513058491,31063.297973858003,19.30183848946733,1.0,563837.0,1556.0,19.301838489467332,369.7218806783992,0.05220637321775646,24.52250576405824
118,1999.0,11.0,,,,,89886.65062920398,55.85297524635603,0.0,563837.0,1556.0,55.85297524635603,369.7218806783992,0.15106754067103612,
119,1999.0,12.0,0.0,7.0,0.0,0.0081307579837028,105087.36800448348,65.29826312108857,1.0,563837.0,1556.0,70.9213161607967,369.7218806783992,0.17661454875560353,0.0
120,2000.0,1.0,,,,,34091.244753207124,21.183317389064054,0.0,725093.0,1861.0,21.183317389064058,369.2805758751096,0.057363746627789695,
121,2000.0,2.0,,,,,41905.37429365855,26.03879237605677,0.0,725093.0,1861.0,26.240431400275977,369.2805758751096,0.07051221774757811,
122,2000.0,3.0,,,,,30478.844628708885,18.93867601772364,0.0,725093.0,1861.0,20.681800814391032,369.2805758751096,0.05128532951629897,
123,2000.0,4.0,1.263157894736842,6.7368421052631575,2.8479682243203857,0.46557118358585825,39421.587570105046,24.495438858968555,19.0,725093.0,1861.0,24.495438858968555,369.2805758751096,0.06633286573744104,0.0
124,2000.0,5.0,3.0,6.777777777777778,5.719362488475176,0.974805965522546,58109.37419498808,36.10749110991378,9.0,725093.0,1861.0,36.228681948417986,369.2805758751096,0.09777793219788876,1.8420198103082912
125,2000.0,6.0,2.7142857142857144,5.928571428571429,17.157417802976788,0.7576540814489479,46337.47309657957,28.792770892289575,14.0,725093.0,1861.0,28.792770892289578,369.2805758751096,0.0779699035727979,16.48312487417067
126,2000.0,7.0,2.4705882352941178,3.0588235294117645,13.110767386091668,1.8860212676665364,84254.16107016541,52.35310849512868,17.0,725093.0,1861.0,52.35310849512868,369.2805758751096,0.1417705449875448,14.805933767475697
127,2000.0,8.0,2.125,2.875,30.975189715186037,7.846176450861962,11542.392641138287,7.172110273956126,8.0,725093.0,1861.0,7.172110273956126,369.2805758751096,0.019421845454394352,29.85917273311101
128,2000.0,9.0,3.6,3.2,8.087428222606322,2.7246778475848186,22121.71047204987,13.745793605096509,5.0,725093.0,1861.0,13.745793605096509,369.2805758751096,0.03722316986893274,5.186726608160407
129,2000.0,10.0,0.0,0.0,19.21858391999169,12.892712382411998,31063.297973858003,19.30183848946733,1.0,725093.0,1861.0,19.301838489467332,369.2805758751096,0.05226876188580034,19.21858391999169
130,2000.0,11.0,,,,,89886.65062920398,55.85297524635603,0.0,725093.0,1861.0,55.85297524635603,369.2805758751096,0.15124807232007095,
131,2000.0,12.0,0.0,7.0,4.586540987601531,1.751220649157323,105087.36800448348,65.29826312108857,1.0,725093.0,1861.0,70.9213161607967,369.2805758751096,0.17682561008346237,4.586540987601531
132,2001.0,1.0,,,,,34091.244753207124,21.183317389064054,0.0,528060.0,2009.0,21.183317389064058,369.2805758751096,0.057363746627789695,
133,2001.0,2.0,,,,,41905.37429365855,26.03879237605677,0.0,528060.0,2009.0,26.240431400275977,369.2805758751096,0.07051221774757811,
134,2001.0,3.0,,,,,30478.844628708885,18.93867601772364,0.0,528060.0,2009.0,20.681800814391032,369.2805758751096,0.05128532951629897,
135,2001.0,4.0,0.0,7.0,0.0,0.051882776647193075,39421.587570105046,24.495438858968555,4.0,528060.0,2009.0,24.495438858968555,369.2805758751096,0.06633286573744104,0.0
136,2001.0,5.0,2.5,7.0,6.7233118359261566,0.841164883318504,58109.37419498808,36.10749110991378,4.0,528060.0,2009.0,36.228681948417986,369.2805758751096,0.09777793219788876,5.660295548453261
137,2001.0,6.0,1.6666666666666667,6.666666666666667,15.163452518791571,4.215988869075577,46337.47309657957,28.792770892289575,3.0,528060.0,2009.0,28.792770892289578,369.2805758751096,0.0779699035727979,12.414057344052251
138,2001.0,7.0,2.896551724137931,3.7241379310344827,11.226764575783555,3.1685214433754547,84254.16107016541,52.35310849512868,29.0,528060.0,2009.0,52.35310849512868,369.2805758751096,0.1417705449875448,10.09543729946961
139,2001.0,8.0,2.4,2.4,24.315595719563035,3.7625518806173046,11542.392641138287,7.172110273956126,5.0,528060.0,2009.0,7.172110273956126,369.2805758751096,0.019421845454394352,23.579841194718973
140,2001.0,9.0,4.0,2.9444444444444446,15.15189625041039,4.068314730296389,22121.71047204987,13.745793605096509,18.0,528060.0,2009.0,13.745793605096509,369.2805758751096,0.03722316986893274,15.186055889444958
141,2001.0,10.0,6.0,0.0,25.253289220702143,6.286287159014662,31063.297973858003,19.30183848946733,1.0,528060.0,2009.0,19.301838489467332,369.2805758751096,0.05226876188580034,25.253289220702143
142,2001.0,11.0,0.0,0.07142857142857142,26.36069184051948,22.102221806604124,89886.65062920398,55.85297524635603,14.0,528060.0,2009.0,55.85297524635603,369.2805758751096,0.15124807232007095,26.315460663335333
143,2001.0,12.0,,,,,105087.36800448348,65.29826312108857,0.0,528060.0,2009.0,70.9213161607967,369.2805758751096,0.17682561008346237,
144,2002.0,1.0,5.0,1.0,5.629166566328707,1.339606710764184,34091.244753207124,21.183317389064054,1.0,376302.0,1949.0,21.183317389064058,368.82328575718105,0.057434869779372684,5.629166566328707
145,2002.0,2.0,,,,,41905.37429365855,26.03879237605677,0.0,376302.0,1949.0,26.240431400275977,368.82328575718105,0.07059964319389449,
146,2002.0,3.0,,,,,29742.9075208802,18.481385899795097,0.0,376302.0,1949.0,20.681800814391032,368.82328575718105,0.05010905388431067,
147,2002.0,4.0,0.0,7.0,0.0,0.04498888311277246,39421.587570105046,24.495438858968555,5.0,376302.0,1949.0,24.495438858968555,368.82328575718105,0.06641510936241538,0.0
148,2002.0,5.0,3.3333333333333335,7.0,1.4863541760020909,0.8397712646702971,58109.37419498808,36.10749110991378,3.0,376302.0,1949.0,36.228681948417986,368.82328575718105,0.09789916337789353,2.033988492988493
149,2002.0,6.0,1.608695652173913,5.913043478260869,18.610070764679712,1.20757291552405,46337.47309657957,28.792770892289575,23.0,376302.0,1949.0,28.792770892289578,368.82328575718105,0.07806657552323207,21.146218943415395
150,2002.0,7.0,2.511627906976744,3.046511627906977,11.986100508382286,2.5438468585705194,84254.16107016541,52.35310849512868,86.0,376302.0,1949.0,52.35310849512868,368.82328575718105,0.14194632095327064,10.662713845672847
151,2002.0,8.0,1.3333333333333333,2.888888888888889,24.722720689473736,4.431246450853312,11542.392641138287,7.172110273956126,9.0,376302.0,1949.0,7.172110273956126,368.82328575718105,0.019445925869978734,22.899740897742262
152,2002.0,9.0,1.125,3.875,13.986834364941924,1.639325861304692,22121.71047204987,13.745793605096509,16.0,376302.0,1949.0,13.745793605096509,368.82328575718105,0.03726932147702357,14.663379493909886
153,2002.0,10.0,4.8,0.8,16.321412132311064,12.485726902220815,31063.297973858003,19.30183848946733,5.0,376302.0,1949.0,19.301838489467332,368.82328575718105,0.05233356795746056,14.083162740599867
154,2002.0,11.0,,,,,89886.65062920398,55.85297524635603,0.0,376302.0,1949.0,55.85297524635603,368.82328575718105,0.15143559911541882,
155,2002.0,12.0,,,,,105087.36800448348,65.29826312108857,0.0,376302.0,1949.0,70.9213161607967,368.82328575718105,0.1770448495057289,
156,2003.0,1.0,,,,,34091.244753207124,21.183317389064054,0.0,403901.0,2196.0,21.183317389064058,368.82328575718105,0.057434869779372684,
157,2003.0,2.0,0.0,7.0,0.535278312073465,0.4942640130912507,41905.37429365855,26.03879237605677,1.0,403901.0,2196.0,26.240431400275977,368.82328575718105,0.07059964319389449,0.535278312073465
158,2003.0,3.0,5.0,7.0,6.847450786314978,0.0016641224286307,29742.9075208802,18.481385899795097,1.0,403901.0,2196.0,20.681800814391032,368.82328575718105,0.05010905388431067,6.847450786314978
159,2003.0,4.0,0.8,6.333333333333333,1.4065725491166816,0.24823581441319625,39421.587570105046,24.495438858968555,15.0,403901.0,2196.0,24.495438858968555,368.82328575718105,0.06641510936241538,0.0
160,2003.0,5.0,2.625,6.375,7.01525537372066,1.8001293328759724,58109.37419498808,36.10749110991378,8.0,403901.0,2196.0,36.228681948417986,368.82328575718105,0.09789916337789353,4.365482256377826
161,2003.0,6.0,3.3333333333333335,5.533333333333333,19.30882699705357,2.8752483098462167,46337.47309657957,28.792770892289575,15.0,403901.0,2196.0,28.792770892289578,368.82328575718105,0.07806657552323207,20.75459546981543
162,2003.0,7.0,2.276315789473684,3.4078947368421053,14.842957630124165,3.884878630668655,84254.16107016541,52.35310849512868,76.0,403901.0,2196.0,52.35310849512868,368.82328575718105,0.14194632095327064,14.627477941508005
163,2003.0,8.0,2.1818181818181817,2.5454545454545454,29.71426514132082,6.389664131597393,11542.392641138287,7.172110273956126,11.0,403901.0,2196.0,7.172110273956126,368.82328575718105,0.019445925869978734,27.219543625882157
164,2003.0,9.0,2.4705882352941178,2.8823529411764706,10.675429625698055,2.4084060330580113,22121.71047204987,13.745793605096509,17.0,403901.0,2196.0,13.745793605096509,368.82328575718105,0.03726932147702357,4.174370764374326
165,2003.0,10.0,1.2,2.4,24.365476044856507,13.098562482419652,31063.297973858003,19.30183848946733,10.0,403901.0,2196.0,19.301838489467332,368.82328575718105,0.05233356795746056,25.524311287673815
166,2003.0,11.0,0.0,2.0,25.07016643704496,22.650053423987632,89886.65062920398,55.85297524635603,1.0,403901.0,2196.0,55.85297524635603,368.82328575718105,0.15143559911541882,25.07016643704496
167,2003.0,12.0,0.0,7.0,4.876426459750813,3.939793143781941,105087.36800448348,65.29826312108857,1.0,403901.0,2196.0,70.9213161607967,368.82328575718105,0.1770448495057289,4.876426459750813
168,2004.0,1.0,,,,,34091.244753207124,21.183317389064054,0.0,589831.0,2435.0,21.183317389064058,368.82328575718105,0.057434869779372684,
169,2004.0,2.0,0.0,6.0,13.196730238463292,0.5657389984268131,41905.37429365855,26.03879237605677,1.0,589831.0,2435.0,26.240431400275977,368.82328575718105,0.07059964319389449,13.196730238463292
170,2004.0,3.0,,,,,29742.9075208802,18.481385899795097,0.0,589831.0,2435.0,20.681800814391032,368.82328575718105,0.05010905388431067,
171,2004.0,4.0,2.4,6.6,6.675831971104593,0.4670167305769993,39421.587570105046,24.495438858968555,25.0,589831.0,2435.0,24.495438858968555,368.82328575718105,0.06641510936241538,6.75356300728875
172,2004.0,5.0,2.857142857142857,6.678571428571429,8.096043999711302,1.2010185640976834,58109.37419498808,36.10749110991378,28.0,589831.0,2435.0,36.228681948417986,368.82328575718105,0.09789916337789353,7.942985780299644
173,2004.0,6.0,2.8125,5.3125,18.53188768514347,2.2214087102469255,46337.47309657957,28.792770892289575,32.0,589831.0,2435.0,28.792770892289578,368.82328575718105,0.07806657552323207,20.812290034908024
174,2004.0,7.0,1.92,3.62,12.55065404917176,2.639884527834809,84254.16107016541,52.35310849512868,50.0,589831.0,2435.0,52.35310849512868,368.82328575718105,0.14194632095327064,11.596226243730193
175,2004.0,8.0,1.2,3.066666666666667,25.478590072914923,6.572386640361028,11542.392641138287,7.172110273956126,15.0,589831.0,2435.0,7.172110273956126,368.82328575718105,0.019445925869978734,26.98138194291848
176,2004.0,9.0,1.0,3.9444444444444446,20.36668074070457,3.442796875872364,22121.71047204987,13.745793605096509,18.0,589831.0,2435.0,13.745793605096509,368.82328575718105,0.03726932147702357,19.28588646933752
177,2004.0,10.0,1.3333333333333333,3.4444444444444446,26.299834891288373,9.034917996514775,31063.297973858003,19.30183848946733,9.0,589831.0,2435.0,19.301838489467332,368.82328575718105,0.05233356795746056,27.975462323758777
178,2004.0,11.0,,,,,89886.65062920398,55.85297524635603,0.0,589831.0,2435.0,55.85297524635603,368.82328575718105,0.15143559911541882,
179,2004.0,12.0,0.0,5.5,10.546286086378961,1.7944883787743282,105087.36800448348,65.29826312108857,2.0,589831.0,2435.0,70.9213161607967,368.82328575718105,0.1770448495057289,10.546286086378961
180,2005.0,1.0,,,,,34091.244753207124,21.183317389064054,0.0,577517.0,2871.0,21.183317389064058,365.96938748749346,0.057882757720515536,
181,2005.0,2.0,0.0,7.0,6.032609565035196,0.0005417097988087,41708.43266174256,25.916418519478707,2.0,577517.0,2871.0,26.240431400275977,365.96938748749346,0.0708158097522962,6.032609565035196
182,2005.0,3.0,5.0,7.0,9.034538510839742,0.41314501218175,25346.94509410979,15.749861486685552,2.0,577517.0,2871.0,20.681800814391032,365.96938748749346,0.04303600799731858,9.034538510839742
183,2005.0,4.0,2.0714285714285716,6.214285714285714,5.437608419274399,0.2480102224019146,39421.587570105046,24.495438858968555,14.0,577517.0,2871.0,24.495438858968555,365.96938748749346,0.06693302690462233,0.7606995554327836
184,2005.0,5.0,2.3846153846153846,6.846153846153846,9.485928327673383,1.2687381694066155,58109.37419498808,36.10749110991378,26.0,577517.0,2871.0,36.228681948417986,365.96938748749346,0.09866259950812882,9.523831027243178
185,2005.0,6.0,3.03125,5.390625,19.03825312664201,3.006217023485144,46337.47309657957,28.792770892289575,64.0,577517.0,2871.0,28.792770892289578,365.96938748749346,0.07867535339488889,22.85238525368139
186,2005.0,7.0,1.6557377049180328,3.540983606557377,12.24192288363247,3.2611005288873454,84254.16107016541,52.35310849512868,61.0,577517.0,2871.0,52.35310849512868,365.96938748749346,0.1430532451212679,12.020289258190648
187,2005.0,8.0,2.6666666666666665,2.6666666666666665,26.349501686719062,7.356927768981499,11542.392641138287,7.172110273956126,9.0,577517.0,2871.0,7.172110273956126,365.96938748749346,0.019597568865513986,26.28938782655728
188,2005.0,9.0,1.0,3.5833333333333335,18.655431940703192,2.831200342874769,22121.71047204987,13.745793605096509,12.0,577517.0,2871.0,13.745793605096509,365.96938748749346,0.03755995467125308,16.374138036576483
189,2005.0,10.0,0.0,2.3333333333333335,23.431050186447653,10.77755082825661,31063.297973858003,19.30183848946733,3.0,577517.0,2871.0,19.301838489467332,365.96938748749346,0.05274167498538917,16.135862369328382
190,2005.0,11.0,0.0,3.5,20.289012861638508,5.871325059797517,89886.65062920398,55.85297524635603,2.0,577517.0,2871.0,55.85297524635603,365.96938748749346,0.15261652246327498,20.289012861638508
191,2005.0,12.0,0.0,5.5,3.405344218986879,0.38666850184086987,105087.36800448348,65.29826312108857,4.0,577517.0,2871.0,70.9213161607967,365.96938748749346,0.17842547861553051,3.7617337508679953
192,2006.0,1.0,,,,,34091.244753207124,21.183317389064054,0.0,510623.0,3369.0,21.183317389064058,365.6032059035075,0.05794073204777887,
193,2006.0,2.0,,,,,41459.12969346886,25.76150883691334,0.0,510623.0,3369.0,26.240431400275977,365.6032059035075,0.07046302773316625,
194,2006.0,3.0,,,,,25006.93592706007,15.53858958526494,0.0,510623.0,3369.0,20.681800814391032,365.6032059035075,0.042501239962775356,
195,2006.0,4.0,3.75,5.666666666666667,7.2367183160588056,0.7903155417297705,39421.587570105046,24.495438858968555,12.0,510623.0,3369.0,24.495438858968555,365.6032059035075,0.06700006581844241,7.9545584506181175
196,2006.0,5.0,2.869565217391304,6.782608695652174,8.040011966187405,1.1594570119326704,58109.37419498808,36.10749110991378,23.0,510623.0,3369.0,36.228681948417986,365.6032059035075,0.09876141819019912,8.866676270188352
197,2006.0,6.0,4.472222222222222,5.083333333333333,18.54034017681944,2.949858700092746,46337.47309657957,28.792770892289575,36.0,510623.0,3369.0,28.792770892289578,365.6032059035075,0.07875415321136095,20.21592726197844
198,2006.0,7.0,1.826086956521739,3.5217391304347827,11.366671006923914,3.253668787398829,84254.16107016541,52.35310849512868,69.0,510623.0,3369.0,52.35310849512868,365.6032059035075,0.14319652467420121,11.206069169874247
199,2006.0,8.0,2.6666666666666665,2.5555555555555554,27.49411144655698,6.914802694104117,11542.392641138287,7.172110273956126,9.0,510623.0,3369.0,7.172110273956126,365.6032059035075,0.01961719743740168,26.77005492183717
200,2006.0,9.0,3.6923076923076925,2.923076923076923,14.114140703944383,3.0328482321735235,22121.71047204987,13.745793605096509,13.0,510623.0,3369.0,13.745793605096509,365.6032059035075,0.03759757404513677,15.34860192595623
201,2006.0,10.0,1.2,1.4,25.34750608430657,9.161050123056897,31063.297973858003,19.30183848946733,5.0,510623.0,3369.0,19.301838489467332,365.6032059035075,0.05279450009681152,24.542938715345503
202,2006.0,11.0,0.0,5.714285714285714,18.793392950636296,4.784562729804145,89886.65062920398,55.85297524635603,14.0,510623.0,3369.0,55.85297524635603,365.6032059035075,0.15276938042249316,14.441863151689695
203,2006.0,12.0,0.0,6.888888888888889,3.625803202254741,0.8728702806049847,105087.36800448348,65.29826312108857,9.0,510623.0,3369.0,70.9213161607967,365.6032059035075,0.17860418636023265,4.14115915099327
204,2007.0,1.0,,,,,34091.244753207124,21.183317389064054,0.0,416231.0,3631.0,21.183317389064058,295.78728439655606,0.07161672765034756,
205,2007.0,2.0,4.0,7.0,2.5303740186351384,0.0295762177282373,24941.969121187085,15.498221083659212,1.0,416231.0,3631.0,26.240431400275977,295.78728439655606,0.05239650891443007,2.5303740186351384
206,2007.0,3.0,,,,,8025.785067420458,4.9869916340788505,0.0,416231.0,3631.0,20.681800814391032,295.78728439655606,0.01686006091929527,
207,2007.0,4.0,1.5384615384615385,5.846153846153846,4.171937935373017,1.2038219980600458,39421.587570105046,24.495438858968555,13.0,416231.0,3631.0,24.495438858968555,295.78728439655606,0.08281437421808847,0.2626159300428606
208,2007.0,5.0,3.75,6.388888888888889,9.597729236772103,2.0935886073319985,58109.37419498808,36.10749110991378,36.0,416231.0,3631.0,36.228681948417986,295.78728439655606,0.12207249268195448,9.344701678158213
209,2007.0,6.0,3.0851063829787235,5.361702127659575,18.524229212372553,2.417740090984427,35080.77202316568,21.79818112831471,47.0,416231.0,3631.0,28.792770892289578,295.78728439655606,0.07369546386277487,19.85679696497823
210,2007.0,7.0,1.696629213483146,3.3258426966292136,12.603029992447341,3.3854437675663887,84254.16107016541,52.35310849512868,89.0,416231.0,3631.0,52.35310849512868,295.78728439655606,0.17699580494792305,13.769811418231374
211,2007.0,8.0,3.6,2.9,25.513491515219677,6.5463148771628905,11542.392641138287,7.172110273956126,10.0,416231.0,3631.0,7.172110273956126,295.78728439655606,0.024247527369501868,24.66176886522469
212,2007.0,9.0,1.6363636363636365,3.090909090909091,20.336623273787026,3.17705627237648,22121.71047204987,13.745793605096509,11.0,416231.0,3631.0,13.745793605096509,295.78728439655606,0.04647188817849181,17.80515026647016
213,2007.0,10.0,1.0,1.0,20.435743622461068,13.504597038791594,31063.297973858003,19.30183848946733,6.0,416231.0,3631.0,19.301838489467332,295.78728439655606,0.06525580884535166,17.43505550765986
214,2007.0,11.0,0.0,3.5555555555555554,25.680993395967473,10.01991353356429,88009.20894775912,54.68638707084615,9.0,416231.0,3631.0,55.85297524635603,295.78728439655606,0.18488417168578894,35.5151920848368
215,2007.0,12.0,0.0,5.666666666666667,5.854490759752363,2.881394167855636,39361.98776666506,24.458405258062086,3.0,416231.0,3631.0,70.9213161607967,295.78728439655606,0.08268917072605188,2.7092068068800024
216,2008.0,1.0,,,,,34091.244753207124,21.183317389064054,0.0,326059.0,3981.0,21.183317389064058,269.72757453682954,0.07853597254726216,
217,2008.0,2.0,,,,,17816.37974618773,11.070585120013329,0.0,326059.0,3981.0,26.240431400275977,269.72757453682954,0.04104357939310989,
218,2008.0,3.0,5.0,7.0,4.988883623087854,0.0008639164758479,839.5308302650778,0.5216602727225611,1.0,326059.0,3981.0,20.681800814391032,269.72757453682954,0.001934026484382789,4.988883623087854
219,2008.0,4.0,2.8,6.4,7.990603732477983,0.9602282557875089,34820.964140544296,21.636743994599264,5.0,326059.0,3981.0,24.495438858968555,269.72757453682954,0.0802170265007329,10.724782942845632
220,2008.0,5.0,3.7333333333333334,6.1,8.321659135944023,2.11704341480038,43765.03265265822,27.19433050730116,30.0,326059.0,3981.0,36.228681948417986,269.72757453682954,0.1008214697885401,7.621055703498669
221,2008.0,6.0,3.1818181818181817,5.0,17.435116630125524,2.6987357417792377,35080.77202316568,21.79818112831471,33.0,326059.0,3981.0,28.792770892289578,269.72757453682954,0.08081554570661188,20.225669601232305
222,2008.0,7.0,1.9833333333333334,3.7333333333333334,13.161110266274976,2.7066866635504785,84254.16107016541,52.35310849512868,60.0,326059.0,3981.0,52.35310849512868,269.72757453682954,0.1940962416802521,12.95253880354976
223,2008.0,8.0,2.6666666666666665,2.0,28.335070557798026,7.856448903687099,11542.392641138287,7.172110273956126,9.0,326059.0,3981.0,7.172110273956126,269.72757453682954,0.02659020045048016,29.16169149185537
224,2008.0,9.0,0.0,4.75,18.960132375313215,2.3632215406760944,14347.09012643566,8.914868493594756,4.0,326059.0,3981.0,13.745793605096509,269.72757453682954,0.03305137974455589,15.060982927327487
225,2008.0,10.0,6.0,0.0,14.09701892942746,13.629143480479176,30600.346623083617,19.01417385679864,2.0,326059.0,3981.0,19.301838489467332,269.72757453682954,0.07049399339110721,14.09701892942746
226,2008.0,11.0,3.0,0.0,19.85713859362497,11.270796885991437,88009.20894775912,54.68638707084615,2.0,326059.0,3981.0,55.85297524635603,269.72757453682954,0.20274674239277335,19.85713859362497
227,2008.0,12.0,0.0,6.0,7.727917114929146,4.763858899109212,38917.3303265886,24.18210793449011,2.0,326059.0,3981.0,70.9213161607967,269.72757453682954,0.08965382192019156,7.727917114929146
228,2009.0,1.0,,,,,34091.244753207124,21.183317389064054,0.0,248624.0,4290.0,21.183317389064058,269.1609644069489,0.07870129844324918,
229,2009.0,2.0,,,,,17816.37974618773,11.070585120013329,0.0,248624.0,4290.0,26.240431400275977,269.1609644069489,0.04112998013811367,
230,2009.0,3.0,,,,,839.5308302650778,0.5216602727225611,0.0,248624.0,4290.0,20.681800814391032,269.1609644069489,0.0019380977991067618,
231,2009.0,4.0,0.5625,4.4375,9.372464792793439,0.5048218094911556,34820.964140544296,21.636743994599264,16.0,248624.0,4290.0,24.495438858968555,269.1609644069489,0.0803858911795483,10.85920945949897
232,2009.0,5.0,3.45,6.175,9.491145217620403,2.111327837888067,42855.579301260455,26.629222394274738,40.0,248624.0,4290.0,36.228681948417986,269.1609644069489,0.09893419149001702,9.978659589229009
233,2009.0,6.0,3.769230769230769,5.538461538461538,18.266068810833126,3.1196412121615023,35080.77202316568,21.79818112831471,26.0,248624.0,4290.0,28.792770892289578,269.1609644069489,0.08098567032683715,19.793455761642335
234,2009.0,7.0,2.0273972602739727,3.7260273972602738,13.91190633134595,3.794151070224427,84254.16107016541,52.35310849512868,73.0,248624.0,4290.0,52.35310849512868,269.1609644069489,0.19450483323419496,13.435423750193612
235,2009.0,8.0,1.3333333333333333,2.5555555555555554,26.790041399011997,5.089964088346501,11542.392641138287,7.172110273956126,9.0,248624.0,4290.0,7.172110273956126,269.1609644069489,0.026646175420565424,27.649692354839537
236,2009.0,9.0,2.6666666666666665,3.5,24.94829640717339,3.526565639480052,14347.09012643566,8.914868493594756,18.0,248624.0,4290.0,13.745793605096509,269.1609644069489,0.03312095612837908,28.827135352432798
237,2009.0,10.0,3.272727272727273,1.6363636363636365,25.47606025332574,7.624937860005442,30600.346623083617,19.01417385679864,11.0,248624.0,4290.0,19.301838489467332,269.1609644069489,0.07064239013518615,22.493398412604577
238,2009.0,11.0,0.0,1.0,28.58570475481463,20.03827294148364,88009.20894775912,54.68638707084615,1.0,248624.0,4290.0,55.85297524635603,269.1609644069489,0.20317354409595925,28.58570475481463
239,2009.0,12.0,,,,,38914.91306477544,24.180605917635887,0.0,248624.0,4290.0,70.9213161607967,269.1609644069489,0.08983697160884307,
240,2010.0,1.0,,,,,34091.244753207124,21.183317389064054,0.0,219318.0,4340.0,21.183317389064058,269.1609644069487,0.07870129844324923,
241,2010.0,2.0,,,,,17816.37974618773,11.070585120013329,0.0,219318.0,4340.0,26.240431400275977,269.1609644069487,0.0411299801381137,
242,2010.0,3.0,,,,,839.5308302650778,0.5216602727225611,0.0,219318.0,4340.0,20.681800814391032,269.1609644069487,0.0019380977991067631,
243,2010.0,4.0,3.0,5.5,6.546032754892116,1.1729137109842787,34820.964140544296,21.636743994599264,6.0,219318.0,4340.0,24.495438858968555,269.1609644069487,0.08038589117954834,7.24740476682604
244,2010.0,5.0,3.8846153846153846,5.884615384615385,10.754424481104248,2.3955404659223123,42855.579301260455,26.629222394274738,26.0,219318.0,4340.0,36.228681948417986,269.1609644069487,0.09893419149001709,10.863408257139834
245,2010.0,6.0,3.696969696969697,5.484848484848484,16.376157864582915,3.8376172008298934,35080.77202316568,21.79818112831471,33.0,219318.0,4340.0,28.792770892289578,269.1609644069487,0.08098567032683719,16.620120242351
246,2010.0,7.0,1.9811320754716981,3.0283018867924527,15.429364747740404,4.678157393693628,84254.16107016541,52.35310849512868,106.0,219318.0,4340.0,52.35310849512868,269.1609644069487,0.1945048332341951,16.07828440205249
247,2010.0,8.0,2.5454545454545454,2.8181818181818183,25.707404628194944,6.243069376022165,11542.392641138287,7.172110273956126,33.0,219318.0,4340.0,7.172110273956126,269.1609644069487,0.02664617542056544,25.757938574510145
248,2010.0,9.0,4.153846153846154,2.230769230769231,19.116012886710394,3.37418571503634,14347.09012643566,8.914868493594756,13.0,219318.0,4340.0,13.745793605096509,269.1609644069487,0.0331209561283791,21.959629867738578
249,2010.0,10.0,2.0,1.0,23.61899612469764,9.418153149205578,30600.346623083617,19.01417385679864,6.0,219318.0,4340.0,19.301838489467332,269.1609644069487,0.0706423901351862,24.65629984272919
250,2010.0,11.0,,,,,88009.20894775912,54.68638707084615,0.0,219318.0,4340.0,55.85297524635603,269.1609644069487,0.2031735440959594,
251,2010.0,12.0,0.0,7.0,3.614716502085783,0.8335070928327012,38914.91306477519,24.18060591763573,1.0,219318.0,4340.0,70.9213161607967,269.1609644069487,0.08983697160884255,3.614716502085783
252,2011.0,1.0,,,,,34091.244753207124,21.183317389064054,0.0,129118.0,5208.0,21.183317389064058,261.96138445995996,0.08086427483475857,
253,2011.0,2.0,,,,,10705.97943874282,6.652387205379117,0.0,129118.0,5208.0,26.240431400275977,261.96138445995996,0.025394533698518896,
254,2011.0,3.0,,,,,839.5308302650778,0.5216602727225611,0.0,129118.0,5208.0,20.681800814391032,261.96138445995996,0.0019913632453805244,
255,2011.0,4.0,0.0,6.0,6.622240317579509,0.055276663924227,34820.964140544296,21.636743994599264,2.0,129118.0,5208.0,24.495438858968555,261.96138445995996,0.08259516584554613,6.622240317579509
256,2011.0,5.0,4.5,5.5,9.064905605574895,2.325054836426245,38379.37881407318,23.8478403619202,24.0,129118.0,5208.0,36.228681948417986,261.96138445995996,0.0910357089884951,7.127778389529015
257,2011.0,6.0,4.076923076923077,5.846153846153846,15.283792532721652,3.1457026110422115,35080.77202316568,21.79818112831471,13.0,129118.0,5208.0,28.792770892289578,261.96138445995996,0.083211428941148,17.507005795217626
258,2011.0,7.0,2.189873417721519,3.1392405063291138,15.93008498810541,4.767259667894463,84254.16107016541,52.35310849512868,79.0,129118.0,5208.0,52.35310849512868,261.96138445995996,0.19985048026469987,15.508741488909802
259,2011.0,8.0,3.5,3.375,24.573093458053012,4.945013700522477,11542.392641138287,7.172110273956126,24.0,129118.0,5208.0,7.172110273956126,261.96138445995996,0.027378501945016107,26.25248798424594
260,2011.0,9.0,1.2,2.5,23.47567913747858,3.1906213711255083,14347.09012643566,8.914868493594756,20.0,129118.0,5208.0,13.745793605096509,261.96138445995996,0.034031231404479646,27.93368530936765
261,2011.0,10.0,3.6,0.4,21.692362623667474,9.82550001797714,30600.346623083617,19.01417385679864,10.0,129118.0,5208.0,19.301838489467332,261.96138445995996,0.0725838806204084,21.970413870403124
262,2011.0,11.0,1.7142857142857142,3.4285714285714284,22.766296849289485,11.014496517730208,88009.20894775912,54.68638707084615,7.0,129118.0,5208.0,55.85297524635603,261.96138445995996,0.20875743645798608,27.251895227175453
263,2011.0,12.0,3.0,2.0,17.677293203290848,6.5852456044462615,38914.91306477519,24.18060591763573,2.0,129118.0,5208.0,70.9213161607967,261.96138445995996,0.09230599375356281,17.677293203290848
264,2012.0,1.0,5.0,2.0,15.148850634897006,1.5435122143942026,34091.244753207124,21.183317389064054,1.0,126500.0,5130.0,21.183317389064058,258.1146738378854,0.08206940378123835,15.148850634897006
265,2012.0,2.0,,,,,4515.298777006262,2.805676583304523,0.0,126500.0,5130.0,26.240431400275977,258.1146738378854,0.010869884077441836,
266,2012.0,3.0,3.3333333333333335,6.666666666666667,14.879412840529271,3.1502662246009367,839.5308302650778,0.5216602727225611,3.0,126500.0,5130.0,20.681800814391032,258.1146738378854,0.0020210407450535002,15.374995441173956
267,2012.0,4.0,1.0,6.555555555555555,2.6380132266307807,0.8224525425980379,34820.964140544296,21.636743994599264,9.0,126500.0,5130.0,24.495438858968555,258.1146738378854,0.08382609044609644,0.0
268,2012.0,5.0,4.076923076923077,6.0,11.338389762932117,2.725553769518198,38379.37881407318,23.8478403619202,13.0,126500.0,5130.0,36.228681948417986,258.1146738378854,0.09239242390728378,11.19336415101572
269,2012.0,6.0,3.4444444444444446,5.444444444444445,17.883530701469216,3.6383283991499145,35080.77202316568,21.79818112831471,18.0,126500.0,5130.0,28.792770892289578,258.1146738378854,0.084451537776599,18.739893705981878
270,2012.0,7.0,2.0253164556962027,3.189873417721519,15.351687070201534,4.552406432358378,84254.16107016541,52.35310849512868,79.0,126500.0,5130.0,52.35310849512868,258.1146738378854,0.20282887337126057,15.35327441182076
271,2012.0,8.0,2.727272727272727,3.090909090909091,26.140893589449444,5.261882691091781,11542.392641138287,7.172110273956126,11.0,126500.0,5130.0,7.172110273956126,258.1146738378854,0.027786526691081222,27.7296909004936
272,2012.0,9.0,3.0,3.125,21.122290012650122,2.347720135352252,14347.09012643566,8.914868493594756,8.0,126500.0,5130.0,13.745793605096509,258.1146738378854,0.034538402490026335,21.58297102316029
273,2012.0,10.0,3.6,0.6666666666666666,23.336967828491513,9.771036617391223,30600.346623083617,19.01417385679864,15.0,126500.0,5130.0,19.301838489467332,258.1146738378854,0.07366560596528081,23.22534478700246
274,2012.0,11.0,0.0,0.0,37.52527952147514,6.638174718457014,88009.20894775912,54.68638707084615,2.0,126500.0,5130.0,55.85297524635603,258.1146738378854,0.21186857088641595,37.52527952147514
275,2012.0,12.0,4.0,3.3333333333333335,13.803026665356692,4.265802170688507,38914.91306477519,24.18060591763573,3.0,126500.0,5130.0,70.9213161607967,258.1146738378854,0.09368163986222222,15.970236761684175
276,2013.0,1.0,2.5,6.0,24.72194781865675,3.562810252734435,34091.244753207124,21.183317389064054,2.0,127045.0,5046.0,21.183317389064058,258.1146738378854,0.08206940378123835,24.72194781865675
277,2013.0,2.0,0.0,6.5,19.340029409218985,2.2592470640708386,4515.298777006262,2.805676583304523,2.0,127045.0,5046.0,26.240431400275977,258.1146738378854,0.010869884077441836,19.340029409218985
278,2013.0,3.0,3.3333333333333335,7.0,15.462541563365582,2.358440618855598,839.5308302650778,0.5216602727225611,3.0,127045.0,5046.0,20.681800814391032,258.1146738378854,0.0020210407450535002,17.8931936424612
279,2013.0,4.0,0.0,7.0,1.3375135512595449,0.026338168588460036,34820.964140544296,21.636743994599264,6.0,127045.0,5046.0,24.495438858968555,258.1146738378854,0.08382609044609644,1.5327505532281844
280,2013.0,5.0,3.4761904761904763,6.476190476190476,7.492569539503615,1.3776361218908426,38379.37881407318,23.8478403619202,21.0,127045.0,5046.0,36.228681948417986,258.1146738378854,0.09239242390728378,7.624775000382879
281,2013.0,6.0,3.1666666666666665,5.333333333333333,16.633629109523252,3.295929931048622,35080.77202316568,21.79818112831471,30.0,127045.0,5046.0,28.792770892289578,258.1146738378854,0.084451537776599,16.934637224493585
282,2013.0,7.0,2.6307692307692307,2.953846153846154,16.96759848149785,4.346369256146881,84254.16107016541,52.35310849512868,65.0,127045.0,5046.0,52.35310849512868,258.1146738378854,0.20282887337126057,16.602242300993538
283,2013.0,8.0,2.1176470588235294,2.823529411764706,27.005672051283558,5.513147498870056,11542.392641138287,7.172110273956126,17.0,127045.0,5046.0,7.172110273956126,258.1146738378854,0.027786526691081222,28.13052091268663
284,2013.0,9.0,4.5,2.75,24.526727712211493,5.137687187973051,14347.09012643566,8.914868493594756,12.0,127045.0,5046.0,13.745793605096509,258.1146738378854,0.034538402490026335,29.422589048571247
285,2013.0,10.0,6.0,0.0,21.123041799064573,9.629048168776345,30600.346623083617,19.01417385679864,16.0,127045.0,5046.0,19.301838489467332,258.1146738378854,0.07366560596528081,18.726900027909842
286,2013.0,11.0,4.0,2.3333333333333335,31.96363053143445,14.114525251151356,88009.20894775912,54.68638707084615,3.0,127045.0,5046.0,55.85297524635603,258.1146738378854,0.21186857088641595,28.75857999083603
287,2013.0,12.0,2.0,5.666666666666667,9.823377567615859,3.609362727804785,38914.91306477519,24.18060591763573,3.0,127045.0,5046.0,70.9213161607967,258.1146738378854,0.09368163986222222,7.4947901162913935
288,2014.0,1.0,2.5,4.5,20.646913448304822,0.00360384999394045,34091.244753207124,21.183317389064054,2.0,93817.0,4897.0,21.183317389064058,258.1146738378854,0.08206940378123835,20.646913448304822
289,2014.0,2.0,2.5,7.0,0.389201572459737,0.12860879555986876,4515.298777006262,2.805676583304523,2.0,93817.0,4897.0,26.240431400275977,258.1146738378854,0.010869884077441836,0.389201572459737
290,2014.0,3.0,3.3333333333333335,7.0,3.781272943089617,0.6547407954024586,839.5308302650778,0.5216602727225611,3.0,93817.0,4897.0,20.681800814391032,258.1146738378854,0.0020210407450535002,3.080285064061792
291,2014.0,4.0,3.3333333333333335,5.0,8.844678433768536,1.089888739649845,34820.964140544296,21.636743994599264,3.0,93817.0,4897.0,24.495438858968555,258.1146738378854,0.08382609044609644,11.25394159032563
292,2014.0,5.0,3.888888888888889,6.555555555555555,6.930659057567308,1.8977461077504993,38379.37881407318,23.8478403619202,9.0,93817.0,4897.0,36.228681948417986,258.1146738378854,0.09239242390728378,7.191334338002464
293,2014.0,6.0,2.2,5.066666666666666,19.097212784770452,3.905912284917016,35080.77202316568,21.79818112831471,15.0,93817.0,4897.0,28.792770892289578,258.1146738378854,0.084451537776599,22.679696444406417
294,2014.0,7.0,1.872340425531915,3.0,15.341477511664806,5.1403630548273584,84254.16107016541,52.35310849512868,47.0,93817.0,4897.0,52.35310849512868,258.1146738378854,0.20282887337126057,15.458803055169245
295,2014.0,8.0,1.7142857142857142,2.7857142857142856,26.87949751674586,5.3535931863982,11542.392641138287,7.172110273956126,14.0,93817.0,4897.0,7.172110273956126,258.1146738378854,0.027786526691081222,26.902212557398478
296,2014.0,9.0,4.944444444444445,2.4444444444444446,22.321127080724036,6.363616151808335,14347.09012643566,8.914868493594756,18.0,93817.0,4897.0,13.745793605096509,258.1146738378854,0.034538402490026335,21.157525335806007
297,2014.0,10.0,3.6666666666666665,0.16666666666666666,20.583441886590748,10.828783703125236,30600.346623083617,19.01417385679864,18.0,93817.0,4897.0,19.301838489467332,258.1146738378854,0.07366560596528081,19.638586216100926
298,2014.0,11.0,0.0,0.0,34.32273328631144,12.389807750769954,88009.20894775912,54.68638707084615,2.0,93817.0,4897.0,55.85297524635603,258.1146738378854,0.21186857088641595,34.32273328631144
299,2014.0,12.0,0.0,6.0,5.971955857819464,3.7176463018901265,38914.91306477519,24.18060591763573,2.0,93817.0,4897.0,70.9213161607967,258.1146738378854,0.09368163986222222,5.971955857819464
300,2015.0,1.0,4.666666666666667,1.6666666666666667,24.73103051426933,4.134058959000819,34091.244753207124,21.183317389064054,3.0,70539.0,4764.0,21.183317389064058,258.08621789851276,0.08207845254795423,26.093813890565063
301,2015.0,2.0,5.0,6.0,27.75785650875594,0.814687376687891,4515.298777006262,2.805676583304523,1.0,70539.0,4764.0,26.240431400275977,258.08621789851276,0.010871082563609805,27.75785650875594
302,2015.0,3.0,0.0,7.0,13.983512677453216,0.072387300905113,793.7354349538671,0.4932043333499228,1.0,70539.0,4764.0,20.681800814391032,258.08621789851276,0.0019110060869033524,13.983512677453216
303,2015.0,4.0,2.8,6.4,5.849315384618366,1.3316223700803334,34820.964140544296,21.636743994599264,5.0,70539.0,4764.0,24.495438858968555,258.08621789851276,0.08383533290068004,1.21646241677074
304,2015.0,5.0,2.3076923076923075,6.615384615384615,5.319925630300814,1.0856346522171079,38379.37881407318,23.8478403619202,13.0,70539.0,4764.0,36.228681948417986,258.08621789851276,0.09240261086431932,3.797899127795944
305,2015.0,6.0,3.8,4.6,21.987893967309624,2.4428581281857342,35080.77202316568,21.79818112831471,10.0,70539.0,4764.0,28.792770892289578,258.08621789851276,0.08446084919143729,22.255138985934487
306,2015.0,7.0,1.653061224489796,3.1020408163265305,15.666261726551726,4.356864962183475,84254.16107016541,52.35310849512868,49.0,70539.0,4764.0,52.35310849512868,258.08621789851276,0.2028512367743538,15.70461686794879
307,2015.0,8.0,1.6363636363636365,3.272727272727273,27.763620948787363,7.943145713261178,11542.392641138287,7.172110273956126,11.0,70539.0,4764.0,7.172110273956126,258.08621789851276,0.02778959036385436,30.28649800839795
308,2015.0,9.0,2.9545454545454546,3.6818181818181817,22.963855893536344,4.797236006165926,14347.09012643566,8.914868493594756,22.0,70539.0,4764.0,13.745793605096509,258.08621789851276,0.034542210607698354,21.96643276998093
309,2015.0,10.0,2.896551724137931,0.10344827586206896,20.563745837964643,12.226469393955078,30600.346623083617,19.01417385679864,29.0,70539.0,4764.0,19.301838489467332,258.08621789851276,0.07367372815031752,19.891442469298408
310,2015.0,11.0,1.5,4.5,26.213687204192702,8.134901111652479,88009.20894775912,54.68638707084615,4.0,70539.0,4764.0,55.85297524635603,258.08621789851276,0.211891930983895,28.251548979319224
311,2015.0,12.0,0.0,7.0,6.512297386556664,4.378788180590305,38914.91306477519,24.18060591763573,1.0,70539.0,4764.0,70.9213161607967,258.08621789851276,0.09369196896497693,6.512297386556664
312,2016.0,1.0,0.0,6.0,43.96304780494396,2.13648945240718,34091.244753207124,21.183317389064054,1.0,79061.0,4663.0,21.183317389064058,258.08621789851276,0.08207845254795423,43.96304780494396
313,2016.0,2.0,5.0,7.0,2.1423411906610075,0.0035571225934034,4515.298777006262,2.805676583304523,1.0,79061.0,4663.0,26.240431400275977,258.08621789851276,0.010871082563609805,2.1423411906610075
314,2016.0,3.0,0.0,7.0,6.981890470356236,0.7943786516981299,793.7354349538671,0.4932043333499228,2.0,79061.0,4663.0,20.681800814391032,258.08621789851276,0.0019110060869033524,6.981890470356236
315,2016.0,4.0,2.0,5.25,10.249995632534533,2.615353995574747,34820.964140544296,21.636743994599264,4.0,79061.0,4663.0,24.495438858968555,258.08621789851276,0.08383533290068004,12.779027631313166
316,2016.0,5.0,2.0,7.0,4.686565458655577,2.379686931104616,38379.37881407318,23.8478403619202,5.0,79061.0,4663.0,36.228681948417986,258.08621789851276,0.09240261086431932,4.283519261437951
317,2016.0,6.0,2.9545454545454546,5.409090909090909,16.908857872180363,2.7574349291690656,35080.77202316568,21.79818112831471,22.0,79061.0,4663.0,28.792770892289578,258.08621789851276,0.08446084919143729,19.085345111931808
318,2016.0,7.0,1.706896551724138,2.5172413793103448,15.190564829616033,4.981542631436228,84254.16107016541,52.35310849512868,58.0,79061.0,4663.0,52.35310849512868,258.08621789851276,0.2028512367743538,15.793013665807042
319,2016.0,8.0,1.0909090909090908,3.090909090909091,28.050039811203806,7.77477561962443,11542.392641138287,7.172110273956126,11.0,79061.0,4663.0,7.172110273956126,258.08621789851276,0.02778959036385436,28.835947717814843
320,2016.0,9.0,4.105263157894737,2.4210526315789473,23.902649859808598,5.025795479059994,14347.09012643566,8.914868493594756,19.0,79061.0,4663.0,13.745793605096509,258.08621789851276,0.034542210607698354,23.235689699548523
321,2016.0,10.0,3.6923076923076925,0.6923076923076923,20.69829803785568,10.424533491245143,30600.346623083617,19.01417385679864,26.0,79061.0,4663.0,19.301838489467332,258.08621789851276,0.07367372815031752,18.720730957591392
322,2016.0,11.0,0.0,0.5454545454545454,25.646425813149406,19.53024812019363,88009.20894775912,54.68638707084615,11.0,79061.0,4663.0,55.85297524635603,258.08621789851276,0.211891930983895,25.945615871104888
323,2016.0,12.0,0.0,6.5,7.827193255832383,2.301543985859388,38914.91306477519,24.18060591763573,2.0,79061.0,4663.0,70.9213161607967,258.08621789851276,0.09369196896497693,7.827193255832383
324,2017.0,1.0,,,,,34091.244753207124,21.183317389064054,0.0,51504.0,4550.0,21.183317389064058,258.08621789851276,0.08207845254795423,
325,2017.0,2.0,,,,,4515.298777006262,2.805676583304523,0.0,51504.0,4550.0,26.240431400275977,258.08621789851276,0.010871082563609805,
326,2017.0,3.0,2.5,7.0,11.739557974016456,0.5593925826961734,793.7354349538671,0.4932043333499228,2.0,51504.0,4550.0,20.681800814391032,258.08621789851276,0.0019110060869033524,11.739557974016456
327,2017.0,4.0,5.0,5.0,14.152153542653087,6.490712697991291,34820.964140544296,21.636743994599264,1.0,51504.0,4550.0,24.495438858968555,258.08621789851276,0.08383533290068004,14.152153542653087
328,2017.0,5.0,,,,,38379.37881407318,23.8478403619202,0.0,51504.0,4550.0,36.228681948417986,258.08621789851276,0.09240261086431932,
329,2017.0,6.0,3.2857142857142856,4.666666666666667,21.55686000757751,3.398980341856601,35080.77202316568,21.79818112831471,21.0,51504.0,4550.0,28.792770892289578,258.08621789851276,0.08446084919143729,22.83579127698622
330,2017.0,7.0,1.8,2.566666666666667,15.971994788321213,5.2728872830994,84254.16107016541,52.35310849512868,30.0,51504.0,4550.0,52.35310849512868,258.08621789851276,0.2028512367743538,16.582570816157023
331,2017.0,8.0,2.769230769230769,3.1538461538461537,29.24896443156836,7.353601250996651,11542.392641138287,7.172110273956126,13.0,51504.0,4550.0,7.172110273956126,258.08621789851276,0.02778959036385436,31.650131298090034
332,2017.0,9.0,4.666666666666667,3.0,19.92433582657212,6.001075910701213,14347.09012643566,8.914868493594756,9.0,51504.0,4550.0,13.745793605096509,258.08621789851276,0.034542210607698354,19.120529621313672
333,2017.0,10.0,3.0697674418604652,0.37209302325581395,19.035246065665316,12.177213179453823,30600.346623083617,19.01417385679864,43.0,51504.0,4550.0,19.301838489467332,258.08621789851276,0.07367372815031752,16.214672775361255
334,2017.0,11.0,6.0,0.0,30.2506135324263,7.132611633081602,88009.20894775912,54.68638707084615,1.0,51504.0,4550.0,55.85297524635603,258.08621789851276,0.211891930983895,30.2506135324263
335,2017.0,12.0,,,,,38914.91306477519,24.18060591763573,0.0,51504.0,4550.0,70.9213161607967,258.08621789851276,0.09369196896497693,
336,2018.0,1.0,,,,,34091.244753207124,21.183317389064054,0.0,78416.0,4525.0,21.183317389064058,258.08621789851276,0.08207845254795423,
337,2018.0,2.0,0.0,6.5,14.788480943745535,1.5054901091299446,4515.298777006262,2.805676583304523,2.0,78416.0,4525.0,26.240431400275977,258.08621789851276,0.010871082563609805,14.788480943745535
338,2018.0,3.0,2.25,6.75,1.5840938790021526,2.0112877095662967,793.7354349538671,0.4932043333499228,4.0,78416.0,4525.0,20.681800814391032,258.08621789851276,0.0019110060869033524,1.5275572565256925
339,2018.0,4.0,5.0,4.0,12.138106550993893,5.039746045875942,34820.964140544296,21.636743994599264,1.0,78416.0,4525.0,24.495438858968555,258.08621789851276,0.08383533290068004,12.138106550993893
340,2018.0,5.0,4.285714285714286,6.857142857142857,8.98284588622211,1.6862843087484332,38379.37881407318,23.8478403619202,7.0,78416.0,4525.0,36.228681948417986,258.08621789851276,0.09240261086431932,10.251914466170945
341,2018.0,6.0,2.736842105263158,4.2631578947368425,23.22327834427705,2.5074895609176533,35080.77202316568,21.79818112831471,19.0,78416.0,4525.0,28.792770892289578,258.08621789851276,0.08446084919143729,24.72476612759915
342,2018.0,7.0,2.2857142857142856,2.6904761904761907,14.53985073402632,4.79514523533563,84254.16107016541,52.35310849512868,42.0,78416.0,4525.0,52.35310849512868,258.08621789851276,0.2028512367743538,15.552885838425183
343,2018.0,8.0,0.0,1.6666666666666667,30.361279812397612,5.182163272353998,11542.392641138287,7.172110273956126,3.0,78416.0,4525.0,7.172110273956126,258.08621789851276,0.02778959036385436,30.947211671568887
344,2018.0,9.0,4.333333333333333,2.7222222222222223,22.678977039927176,4.077364209322621,14347.09012643566,8.914868493594756,18.0,78416.0,4525.0,13.745793605096509,258.08621789851276,0.034542210607698354,23.738962328867295
345,2018.0,10.0,2.6666666666666665,0.07407407407407407,21.36989925398193,10.749687942256765,30600.346623083617,19.01417385679864,27.0,78416.0,4525.0,19.301838489467332,258.08621789851276,0.07367372815031752,19.32147342881897
346,2018.0,11.0,,,,,88009.20894775912,54.68638707084615,0.0,78416.0,4525.0,55.85297524635603,258.08621789851276,0.211891930983895,
347,2018.0,12.0,0.0,6.0,11.511478562827158,0.1221271787443348,38914.91306477519,24.18060591763573,1.0,78416.0,4525.0,70.9213161607967,258.08621789851276,0.09369196896497693,11.511478562827158
348,2019.0,1.0,7.0,3.0,24.353337770764806,4.52584613833235,413.4588823146165,0.2569114385468209,1.0,131759.0,4504.0,21.183317389064058,156.6548316236744,0.0016399841350823378,24.353337770764806
349,2019.0,2.0,5.0,7.0,0.0845901865168947,0.0831854170079078,223.26106689777444,0.1387279952654618,1.0,131759.0,4504.0,26.240431400275977,156.6548316236744,0.0008855647401844745,0.0845901865168947
350,2019.0,3.0,1.5,6.666666666666667,4.106100322829142,2.147154297657907,66.80749287593405,0.0415122514828506,6.0,131759.0,4504.0,20.681800814391032,156.6548316236744,0.0002649918362082429,4.161837393863966
351,2019.0,4.0,0.0,7.0,0.0,0.0543962455810414,31169.66125645501,19.367929569159667,1.0,131759.0,4504.0,24.495438858968555,156.6548316236744,0.12363442205016993,0.0
352,2019.0,5.0,3.3333333333333335,6.0,7.432257252142534,2.4604184871352617,38379.37881407318,23.8478403619202,3.0,131759.0,4504.0,36.228681948417986,156.6548316236744,0.15223175764670258,6.962730972084265
353,2019.0,6.0,3.857142857142857,5.214285714285714,17.77688121871331,3.483094422850698,35080.77202316568,21.79818112831471,14.0,131759.0,4504.0,28.792770892289578,156.6548316236744,0.13914783797208122,20.043245197072714
354,2019.0,7.0,1.816326530612245,2.673469387755102,16.506933762338605,5.076308357906658,84254.16107016541,52.35310849512868,49.0,131759.0,4504.0,52.35310849512868,156.6548316236744,0.33419402358999334,16.674578870029034
355,2019.0,8.0,2.5714285714285716,2.5714285714285716,27.790767490834025,6.872097131929557,11542.392641138287,7.172110273956126,7.0,131759.0,4504.0,7.172110273956126,156.6548316236744,0.04578288584922423,25.39544421451272
356,2019.0,9.0,5.454545454545454,3.6363636363636362,26.0732726602516,5.180699637008944,882.7848799019696,0.5485370931042637,11.0,131759.0,4504.0,13.745793605096509,156.6548316236744,0.003501565112412187,25.086256240701186
357,2019.0,10.0,2.0,0.5416666666666666,20.121157891996656,14.386472855031615,0.0237480783439733,1.4756371748304089e-05,48.0,131759.0,4504.0,19.301838489467332,156.6548316236744,9.419672279085988e-08,17.776976597275077
358,2019.0,11.0,0.0,1.5,27.461983609742234,11.097771277708949,19643.97032798824,12.206197258314685,6.0,131759.0,4504.0,55.85297524635603,156.6548316236744,0.07791778352318646,27.32477683174899
359,2019.0,12.0,0.0,6.75,5.5665136291297905,0.9696898588680141,30454.841237810702,18.923761002109195,4.0,131759.0,4504.0,70.9213161607967,156.6548316236744,0.12079908934803227,3.657158440334612
360,2020.0,1.0,1.6666666666666667,3.1666666666666665,22.124724182696713,1.739030299030332,413.4588823146165,0.2569114385468209,6.0,74880.0,,21.183317389064058,120.62619484477675,0.002129814663203276,22.063569867543386
361,2020.0,2.0,1.4285714285714286,7.0,3.6731463839370546,0.7318702311334581,223.26106689777444,0.1387279952654618,7.0,74880.0,,26.240431400275977,120.62619484477675,0.0011500652527751429,1.7842701968550805
362,2020.0,3.0,2.1666666666666665,6.5,1.1610270730168986,1.0466494949340972,66.80749287593405,0.0415122514828506,6.0,74880.0,,20.681800814391032,120.62619484477675,0.0003441396086170924,0.0
363,2020.0,4.0,0.0,7.0,11.928970129139486,0.0655674598263544,31169.66125645501,19.367929569159667,2.0,74880.0,,24.495438858968555,120.62619484477675,0.16056155625303903,11.928970129139486
364,2020.0,5.0,4.0625,6.5,4.598110688615194,1.045097430323782,10671.25796240907,6.630812280241615,16.0,74880.0,,36.228681948417986,120.62619484477675,0.05496991999767733,2.823749710518644
365,2020.0,6.0,3.1666666666666665,5.041666666666667,19.657331435327936,2.8571745589708293,6171.375675460931,3.834715059740964,24.0,74880.0,,28.792770892289578,120.62619484477675,0.03179006902004595,19.876398043880734
366,2020.0,7.0,2.2987012987012987,2.4415584415584415,15.66975181151091,5.1503154265343305,84254.16107016541,52.35310849512868,77.0,74880.0,,52.35310849512868,120.62619484477675,0.43401110813863686,15.483551486494708
367,2020.0,8.0,1.875,2.75,27.678413658047937,8.474759952583026,11542.392641138287,7.172110273956126,16.0,74880.0,,7.172110273956126,120.62619484477675,0.059457320055443054,28.415255946126855
368,2020.0,9.0,2.9375,3.125,23.7531372251729,2.544345550296184,882.7848799019696,0.5485370931042637,16.0,74880.0,,13.745793605096509,120.62619484477675,0.004547412722503001,28.784288229268384
369,2020.0,10.0,3.176470588235294,0.19607843137254902,18.64077540107993,13.696502278942507,0.0237480783439733,1.4756371748304089e-05,51.0,74880.0,,19.301838489467332,120.62619484477675,1.223314037825098e-07,16.24898910814593
370,2020.0,11.0,0.75,1.0,30.18073247280535,12.478511464358254,19643.97032798824,12.206197258314685,8.0,74880.0,,55.85297524635603,120.62619484477675,0.1011902702727361,31.54332289912348
371,2020.0,12.0,2.4,3.8,8.54734282894426,2.867967418328954,29089.88798673477,18.07561837346387,5.0,74880.0,,70.9213161607967,120.62619484477675,0.14984820168391944,3.583738548327151
372,2021.0,1.0,3.5,2.0,17.936274258273798,1.8038498353818597,413.4588823146165,0.2569114385468209,4.0,265317.0,,21.183317389064058,120.62619484477675,0.002129814663203276,16.51075096032556
373,2021.0,2.0,3.6666666666666665,6.666666666666667,4.624384639258885,0.2719035571379201,223.26106689777444,0.1387279952654618,6.0,265317.0,,26.240431400275977,120.62619484477675,0.0011500652527751429,2.737524662633363
374,2021.0,3.0,0.0,6.8,3.61188899442696,1.1728865186664896,66.80749287593405,0.0415122514828506,5.0,265317.0,,20.681800814391032,120.62619484477675,0.0003441396086170924,3.335075956678631
375,2021.0,4.0,0.0,7.0,0.0,0.1004602164405205,31169.66125645501,19.367929569159667,1.0,265317.0,,24.495438858968555,120.62619484477675,0.16056155625303903,0.0
376,2021.0,5.0,3.55,6.3,9.762655595801876,1.3968975720687211,10671.25796240907,6.630812280241615,20.0,265317.0,,36.228681948417986,120.62619484477675,0.05496991999767733,9.42079878730813
377,2021.0,6.0,3.6666666666666665,5.166666666666667,17.873320246144566,2.9754314450366146,6171.375675460931,3.834715059740964,12.0,265317.0,,28.792770892289578,120.62619484477675,0.03179006902004595,20.822555521888454
378,2021.0,7.0,1.5217391304347827,2.63768115942029,15.138567037830748,4.115903102260782,84254.16107016541,52.35310849512868,69.0,265317.0,,52.35310849512868,120.62619484477675,0.43401110813863686,15.7149180591754
379,2021.0,8.0,3.0,2.125,32.036822260986185,10.976259540301662,11542.392641138287,7.172110273956126,8.0,265317.0,,7.172110273956126,120.62619484477675,0.059457320055443054,32.21255389906861
380,2021.0,9.0,3.4285714285714284,4.0,26.124921873396193,3.186418005456669,882.7848799019696,0.5485370931042637,7.0,265317.0,,13.745793605096509,120.62619484477675,0.004547412722503001,29.41777570043453
381,2021.0,10.0,3.7142857142857144,0.09523809523809523,20.383477646558703,13.25622085007498,0.0237480783439733,1.4756371748304089e-05,21.0,265317.0,,19.301838489467332,120.62619484477675,1.223314037825098e-07,17.792097516492404
382,2021.0,11.0,1.5,0.5625,31.212606959331588,13.079131766527677,19643.97032798824,12.206197258314685,16.0,265317.0,,55.85297524635603,120.62619484477675,0.1011902702727361,28.10508753826353
383,2021.0,12.0,0.0,5.875,7.9517211864373,3.054122375803603,29089.88798673477,18.07561837346387,8.0,265317.0,,70.9213161607967,120.62619484477675,0.14984820168391944,6.833505917720237
